{
  "hash": "bdf7b3ea",
  "configHash": "1a976bbb",
  "lockfileHash": "7648686b",
  "browserHash": "18572565",
  "optimized": {
    "react": {
      "src": "../../node_modules/react/index.js",
      "file": "react.js",
      "fileHash": "bc7b7087",
      "needsInterop": true
    },
    "react-dom/client": {
      "src": "../../node_modules/react-dom/client.js",
      "file": "react-dom_client.js",
      "fileHash": "78c5750c",
      "needsInterop": true
    },
    "react-router-dom": {
      "src": "../../node_modules/react-router-dom/dist/index.mjs",
      "file": "react-router-dom.js",
      "fileHash": "14f82f7e",
      "needsInterop": false
    },
    "axios": {
      "src": "../../node_modules/axios/index.js",
      "file": "axios.js",
      "fileHash": "4953b903",
      "needsInterop": false
    },
    "react-icons/io5": {
      "src": "../../node_modules/react-icons/io5/index.mjs",
      "file": "react-icons_io5.js",
      "fileHash": "9df09f0f",
      "needsInterop": false
    },
    "react-icons/io": {
      "src": "../../node_modules/react-icons/io/index.mjs",
      "file": "react-icons_io.js",
      "fileHash": "951d3c83",
      "needsInterop": false
    },
    "react-icons/fa": {
      "src": "../../node_modules/react-icons/fa/index.mjs",
      "file": "react-icons_fa.js",
      "fileHash": "43b31830",
      "needsInterop": false
    },
    "react-icons/ci": {
      "src": "../../node_modules/react-icons/ci/index.mjs",
      "file": "react-icons_ci.js",
      "fileHash": "0e453ff3",
      "needsInterop": false
    },
    "react-data-table-component": {
      "src": "../../node_modules/react-data-table-component/dist/index.es.js",
      "file": "react-data-table-component.js",
      "fileHash": "ee0531bb",
      "needsInterop": false
    },
    "react-icons/fi": {
      "src": "../../node_modules/react-icons/fi/index.mjs",
      "file": "react-icons_fi.js",
      "fileHash": "fa23870a",
      "needsInterop": false
    },
    "react-icons/fa6": {
      "src": "../../node_modules/react-icons/fa6/index.mjs",
      "file": "react-icons_fa6.js",
      "fileHash": "ebaf004f",
      "needsInterop": false
    },
    "js-cookie": {
      "src": "../../node_modules/js-cookie/dist/js.cookie.mjs",
      "file": "js-cookie.js",
      "fileHash": "9f637f17",
      "needsInterop": false
    },
    "@mui/material": {
      "src": "../../node_modules/@mui/material/index.js",
      "file": "@mui_material.js",
      "fileHash": "d03f6693",
      "needsInterop": false
    },
    "@mui/system": {
      "src": "../../node_modules/@mui/system/esm/index.js",
      "file": "@mui_system.js",
      "fileHash": "8fe26b17",
      "needsInterop": false
    },
    "react-icons/hi2": {
      "src": "../../node_modules/react-icons/hi2/index.mjs",
      "file": "react-icons_hi2.js",
      "fileHash": "33d36aa7",
      "needsInterop": false
    },
    "react-date-range": {
      "src": "../../node_modules/react-date-range/dist/index.js",
      "file": "react-date-range.js",
      "fileHash": "677a06f3",
      "needsInterop": true
    },
    "date-fns": {
      "src": "../../node_modules/date-fns/index.js",
      "file": "date-fns.js",
      "fileHash": "4db76110",
      "needsInterop": false
    },
    "react-icons/ri": {
      "src": "../../node_modules/react-icons/ri/index.mjs",
      "file": "react-icons_ri.js",
      "fileHash": "1beadcba",
      "needsInterop": false
    },
    "react-icons/md": {
      "src": "../../node_modules/react-icons/md/index.mjs",
      "file": "react-icons_md.js",
      "fileHash": "fc719525",
      "needsInterop": false
    },
    "react-icons/cg": {
      "src": "../../node_modules/react-icons/cg/index.mjs",
      "file": "react-icons_cg.js",
      "fileHash": "d3b43751",
      "needsInterop": false
    },
    "react-icons/bi": {
      "src": "../../node_modules/react-icons/bi/index.mjs",
      "file": "react-icons_bi.js",
      "fileHash": "38f84d46",
      "needsInterop": false
    }
  },
  "chunks": {
    "chunk-M4U2IHYL": {
      "file": "chunk-M4U2IHYL.js"
    },
    "chunk-532K3RVC": {
      "file": "chunk-532K3RVC.js"
    },
    "chunk-JUWM2LYA": {
      "file": "chunk-JUWM2LYA.js"
    },
    "chunk-SD42HLFO": {
      "file": "chunk-SD42HLFO.js"
    },
    "chunk-W4EHDCLL": {
      "file": "chunk-W4EHDCLL.js"
    },
    "chunk-EWTE5DHJ": {
      "file": "chunk-EWTE5DHJ.js"
    }
  }
}